{
    "capacity": 186,
    "energy": 967.6199999999999,
    "capacity_percentage": 0.06549295774647887,
    "prefill_speed": 167.44,
    "decode_speed": 28.58
}