{
    "capacity": 60,
    "energy": 309.3860000000004,
    "capacity_percentage": 0.02112676056338028,
    "prefill_speed": 168.88,
    "decode_speed": 31.17
}