{
    "capacity": 108,
    "energy": 738.0239999999994,
    "capacity_percentage": 0.038028169014084505,
    "prefill_speed": 168.34,
    "decode_speed": 29.38
}