{
    "capacity": 87,
    "energy": 425.95300000000043,
    "capacity_percentage": 0.031926605504587154,
    "prefill_speed": 197.89,
    "decode_speed": 40.84
}