{
    "capacity": 92,
    "energy": 392.8820000000005,
    "capacity_percentage": 0.03384841795437822,
    "prefill_speed": 197.63,
    "decode_speed": 40.02
}