{
    "capacity": 174,
    "energy": 867.8819999999996,
    "capacity_percentage": 0.06126760563380282,
    "prefill_speed": 164.65,
    "decode_speed": 30.5
}