{
    "capacity": 66,
    "energy": 367.3230000000003,
    "capacity_percentage": 0.02323943661971831,
    "prefill_speed": 168.97,
    "decode_speed": 31.21
}