{
    "capacity": 90,
    "energy": 681.4799999999996,
    "capacity_percentage": 0.03169014084507042,
    "prefill_speed": 167.73,
    "decode_speed": 30.44
}